search_query,name,description,url,type
Dynamic Web Development,Resources,Building the operating system for AI,https://smithery.ai/,
Dynamic Web Development,WebMCP,"Enable websites to seamlessly share tools, resources, and prompts with client-side LLMs. Enhance user experience by allowing LLMs to access a variety of functionalities without the need for API keys. Connect to multiple WebMCP-enabled sites effortlessly for a richer interaction.",https://smithery.ai/server/@jasonjmcghee/webmcp,Local
Dynamic Web Development,Complex React App,Build and develop modern web applications with ease. Leverage the power of React and Webpack to create dynamic user interfaces and streamline your development workflow.,https://smithery.ai/server/@chakravartyharish/frontend-api,Local
Dynamic Web Development,YDB,"Leverage a distributed SQL database designed for high availability and scalability. Experience seamless ACID transactions and strict consistency, making it ideal for interactive web services. Build robust applications with automatic disaster recovery and horizontal scalability to handle increasing loads effortlessly.",https://smithery.ai/server/@chenxiaohui/ydb,Local
Dynamic Web Development,Web Chat Application,Build interactive chat experiences with ease. Leverage the power of Next.js to create a responsive and dynamic web chat application that updates in real-time as you develop.,https://smithery.ai/server/@WebChatAppAi/webchat,Local
Dynamic Web Development,Svelte + Tailwind Template for Wails,Kickstart your modern app development with this template that combines Svelte and Tailwind CSS. Streamline your workflow with updated packages and a robust development environment. Build and deploy your applications effortlessly using Wails.,https://smithery.ai/server/@2oCode/teste,Local
Dynamic Web Development,Durs1111,Enhance your applications with dynamic data integration and real-time context manipulation. Utilize powerful tools and resources to streamline workflows and improve user interactions. Experience seamless connectivity with external data sources and APIs for enriched functionality.,https://smithery.ai/server/@Durs1111/durs1111,Local
Dynamic Web Development,Masaj,"Build dynamic web applications with ease using this Angular-based framework. Leverage powerful features like code scaffolding, unit testing, and end-to-end testing to enhance your development workflow. Start your local server and see changes in real-time as you develop your application.",https://smithery.ai/server/@bahaahani/masaj,Local
Dynamic Web Development,XForceCom,Enhance your web applications with powerful features and elegant syntax. Streamline development processes and improve productivity with a robust framework designed for modern web projects.,https://smithery.ai/server/@devmdeniz/xforcecom,Local
Dynamic Web Development,thirdweb MCP Server,"Integrate thirdweb's blockchain tools and services seamlessly with any MCP-compatible client. Access real-time on-chain analysis, smart contract interactions, and blockchain data insights effortlessly. Enhance your applications with powerful blockchain capabilities using a unified interface.",https://smithery.ai/server/@thirdweb-dev/ai,Local
Dynamic Web Development,DevTools,Connect your AI assistants to external services and tools seamlessly. Enable powerful interactions and data manipulation through a robust and extensible framework. Experience a developer-friendly setup with comprehensive documentation for easy integration.,https://smithery.ai/server/@DXHeroes/mcp-devtools,Local
Dynamic Web Development,Append Data to JSON File,Easily append data to a JSON file and display it in an HTML table using Ajax and jQuery's getJSON method. Streamline your data management and enhance user experience with dynamic data loading. Perfect for developers looking to integrate JSON data into their web applications seamlessly.,https://smithery.ai/server/@hoonoh57/append-data-to-json-file-and-display-json-data-to-html-table-using-ajax-jquery-getjson-method,Local
Dynamic Web Development,Dynamic Context Integration Server,"Enhance your applications by seamlessly integrating real-world data and tools. Access files, databases, and APIs dynamically to enrich your LLM interactions. Empower your agents with the ability to perform actions and retrieve information in real-time.",https://smithery.ai/server/@dkdl9886/dkdl9886,Local
Dynamic Web Development,MCP Development Framework,"Create custom tools to interact with large language models effortlessly. Enhance your Cursor IDE with advanced features like web content fetching, PDF document processing, and Word document parsing. Streamline your workflow and automate tasks with ease.",https://smithery.ai/server/@aigo666/mcp-framework,Remote
Dynamic Web Development,HelloDjango,Build and deploy web applications effortlessly with our streamlined Django framework integration. Enhance your development workflow and focus on creating amazing features without the hassle of setup. Experience rapid development and deployment with built-in best practices.,https://smithery.ai/server/@jack-wu-accenture/my-mcp-server,Local
Dynamic Web Development,Vue.js,Build interactive user interfaces with ease. Leverage a flexible and powerful framework to create dynamic web applications that enhance user experience. Join a vibrant community and access a wealth of resources to accelerate your development process.,https://smithery.ai/server/@RohitHadiya7/core,Local
Dynamic Web Development,Next.js Project,Kickstart your web development with a powerful Next.js application. Build and deploy modern web applications effortlessly with optimized performance and seamless user experience. Leverage the latest features of Next.js to create dynamic and responsive web pages.,https://smithery.ai/server/@oleggolimbievsky88/bmr-nextjs,Local
Dynamic Web Development,Resources,Building the operating system for AI,https://smithery.ai/,
Dynamic Web Development,Resources,Building the operating system for AI,https://smithery.ai/,
Dynamic Web Development,Resources,Building the operating system for AI,https://smithery.ai/,
Dynamic Web Development,Resources,Building the operating system for AI,https://smithery.ai/,
